{
    "Covid stats": {
        "cases": 11.090354888959125,
        "reported": 6.238324625039507,
        "today": 4.1588830833596715,
        "two": 4.1588830833596715,
        "residents": 4.1588830833596715,
        "State": 4.1588830833596715,
        "Alberta": 4.1588830833596715,
        "deaths": 4.1588830833596715,
        "Wednesday": 4.1588830833596715,
        "Cambridge": 4.1588830833596715
    },
    "Measure and management": {
        "groups": 8.317766166719343,
        "hall": 8.317766166719343,
        "New": 6.238324625039507,
        "says": 5.545177444479562,
        "vaccinated": 4.904146265058631,
        "Thanksgiving": 4.904146265058631,
        "allowed": 4.1588830833596715,
        "mandate": 4.1588830833596715,
        "get": 4.1588830833596715,
        "morning": 4.1588830833596715
    },
    "Covid social life": {
        "got": 8.317766166719343,
        "person": 6.238324625039507,
        "healthy": 6.238324625039507,
        "house": 6.238324625039507,
        "Thanksgiving": 5.884975518070357,
        "going": 5.545177444479562,
        "shot": 4.1588830833596715,
        "like": 4.1588830833596715,
        "see": 4.1588830833596715,
        "get": 4.1588830833596715
    },
    "Vaccine efficacy": {
        "vaccinated": 5.884975518070357,
        "cases": 4.1588830833596715,
        "shot": 4.1588830833596715,
        "spread": 4.1588830833596715,
        "point": 4.1588830833596715,
        "arm": 4.1588830833596715,
        "sore": 4.1588830833596715,
        "teacher": 4.1588830833596715,
        "stop": 4.1588830833596715,
        "Europe": 4.1588830833596715
    },
    "Covid variant": {
        "Scientists": 2.0794415416798357,
        "mystified": 2.0794415416798357,
        "wary": 2.0794415416798357,
        "Africa": 2.0794415416798357,
        "avoids": 2.0794415416798357,
        "disaster": 2.0794415416798357,
        "gyZrpQiPhv": 2.0794415416798357,
        "YahooNews": 2.0794415416798357,
        "Maybe": 2.0794415416798357,
        "WH": 2.0794415416798357
    },
    "Covid politics": {
        "Biden": 6.931471805599453,
        "Admin": 4.1588830833596715,
        "Mexico": 4.1588830833596715,
        "gallons": 4.1588830833596715,
        "Vaccine": 2.772588722239781,
        "History": 2.0794415416798357,
        "books": 2.0794415416798357,
        "refer": 2.0794415416798357,
        "Great": 2.0794415416798357,
        "Holocaust": 2.0794415416798357
    },
    "Covid symptoms": {
        "toe": 5.545177444479562,
        "broken": 4.1588830833596715,
        "harm": 4.1588830833596715,
        "Anyone": 2.0794415416798357,
        "else": 2.0794415416798357,
        "experiencing": 2.0794415416798357,
        "effects": 2.0794415416798357,
        "ironic": 2.0794415416798357,
        "infected": 2.0794415416798357,
        "convention": 2.0794415416798357
    },
    "Economy": {}
}