{
    "Covid stats": {
        "cases": 34.657359027997266,
        "deaths": 23.56700413903814,
        "analytics": 16.635532333438686,
        "co": 16.397878129751508,
        "https": 15.534831912396166,
        "County": 13.862943611198906,
        "Deaths": 12.476649250079014,
        "data": 12.476649250079014,
        "Nov": 11.090354888959125,
        "Confirmed": 10.39720770839918
    },
    "Measure and management": {},
    "Covid social life": {
        "Thanksgiving": 12.750780289152441,
        "co": 11.219600825619453,
        "https": 9.205826318456987,
        "tickets": 8.317766166719343,
        "team": 6.931471805599453,
        "years": 6.931471805599453,
        "COVID": 6.904369738842741,
        "making": 6.238324625039507,
        "fitness": 6.238324625039507,
        "test": 6.238324625039507
    },
    "Vaccine efficacy": {
        "booster": 39.50938929191688,
        "shot": 20.79441541679836,
        "Moderna": 14.55609079175885,
        "dose": 13.862943611198906,
        "co": 11.219600825619453,
        "got": 10.789121783128987,
        "flu": 10.39720770839918,
        "vaccine": 10.06887253581233,
        "https": 9.781190463360549,
        "Pfizer": 6.931471805599453
    },
    "Covid variant": {
        "another": 2.772588722239781,
        "Scientists": 2.0794415416798357,
        "agree": 2.0794415416798357,
        "Yemen": 2.0794415416798357,
        "gives": 2.0794415416798357,
        "mutate": 2.0794415416798357,
        "Protecting": 2.0794415416798357,
        "chunk": 2.0794415416798357,
        "anywhere": 2.0794415416798357,
        "limits": 2.0794415416798357
    },
    "Covid politics": {
        "Biden": 16.635532333438686,
        "co": 13.233375332781918,
        "https": 11.794964970523015,
        "mandate": 9.704060527839234,
        "opposed": 8.317766166719343,
        "income": 8.317766166719343,
        "countries": 8.317766166719343,
        "gt": 6.238324625039507,
        "unnecessary": 6.238324625039507,
        "administration": 6.238324625039507
    },
    "Covid symptoms": {
        "afraid": 6.238324625039507,
        "https": 4.6029131592284935,
        "co": 4.6029131592284935,
        "fucked": 4.1588830833596715,
        "love": 4.1588830833596715,
        "everything": 4.1588830833596715,
        "got": 3.9233170120469048,
        "COVID": 3.164502796969589,
        "dying": 2.9424877590351786,
        "get": 2.8200217754744137
    },
    "Economy": {}
}